,Strong Leader Policy,Weak Leader Policy
Strong Follower Policy,"(-16.986511807988556, 2.969638187986939)",[-11.19078163   1.49482356]
Blind Follower Policy,[-11.19078163   1.49482356],"(-16.986511807988556, 2.969638187986939)"
