,Strong Leader Policy,Weak Leader Policy
Strong Follower Policy,"(-38.61028025356359, 10.352959661915216)",[-10.24292181   1.50164626]
Blind Follower Policy,[-10.25821719   1.50551171],"(-38.555138595666854, 1.5)"
