,Strong Leader Policy,Weak Leader Policy
Strong Follower Policy,"(-14.893725775589246, 2.9128850739258385)",[-9.17051776  1.47608236]
Blind Follower Policy,[-9.17051776  1.47608236],"(-14.893725775589246, 2.9128850739258385)"
