Strong Leader,Weak Leader
"(-82.63689830042995, 22.317468932760065)",[-24.29076991   2.85382698]
[-24.54030548   2.72904582],"(-82.55579891594624, 1.5)"
