,Strong Leader Policy,Weak Leader Policy
Strong Follower Policy,"(-13.761950276970108, 2.848649630706521)",[-8.13653328  1.45138539]
Blind Follower Policy,[-8.13653328  1.45138539],"(-13.761950276970108, 2.848649630706521)"
