,Strong Leader Policy,Weak Leader Policy
Strong Follower Policy,"(-10.96590489130435, 2.5037934782608695)",[-5.90081326  1.30891661]
Blind Follower Policy,[-5.90081326  1.30891661],"(-10.96590489130435, 2.5037934782608695)"
