Strong Leader,Weak Leader
"(-11.08804347826087, 2.882608695652174)","[-19.577173913043477, -0.5206521739130432]"
"[-19.577173913043477, -0.5206521739130432]","(-11.08804347826087, 2.882608695652174)"
