Strong Leader,Weak Leader
"(-141.73757168886112, 532.7553000291188)",[-275.28670795  363.6603383 ]
[-239.09840386  374.05608951],"(-223.01321791254833, 36.295529164025)"
