,Strong Leader Policy,Weak Leader Policy
Strong Follower Policy,"(9.100000000000001, 4.6000000000000005)",[8.51218023 4.2610836 ]
Blind Follower Policy,[8.51218023 4.2610836 ],"(9.100000000000001, 4.6000000000000005)"
