,Strong Leader Policy,Weak Leader Policy
Strong Follower Policy,"(7.300000000000001, 3.7)",[6.89200121 3.45096631]
Blind Follower Policy,[6.89200121 3.45096631],"(7.300000000000001, 3.7)"
