Strong Leader,Weak Leader
"(8.000000000000007, 0.0)",[1.8       0.9999999]
[0.8       1.0980999],"(9.000000000000007, 0.0)"
