,Strong Leader Policy,Weak Leader Policy
Strong Follower Policy,"(9.100000000000001, 4.6000000000000005)",[8.47 4.24]
Blind Follower Policy,[8.47 4.24],"(9.100000000000001, 4.6000000000000005)"
