Strong Leader,Weak Leader
"(4.000000000000002, 0.0)","[68.0, 0.0]"
"[68.0, 0.0]","(4.000000000000002, 0.0)"
