Strong Leader,Weak Leader
"(10.486484375, -15.339609375)","[-36.225468750000005, -48.81140625]"
"[-36.225468750000005, -48.81140625]","(10.486484375, -15.339609375)"
