Strong Leader,Weak Leader
"(25.456872624133304, -41.20094433204346)",[ -26179.58135854 -133581.08976384]
[ -33925.28559491 -133580.11721971],"(25.223234320252402, -13.5)"
