Strong Leader,Weak Leader
"(10.486484375, -15.339609375)",[  7.73648437 -18.58960938]
[  7.73648437 -18.58960938],"(10.486484375, -13.5)"
