,Strong Leader Policy,Weak Leader Policy
Strong Follower Policy,"(25.456872624133304, -41.20094433204346)",[ 13.42044276 -19.94156285]
Blind Follower Policy,[ 13.3762228  -19.93576879],"(25.223234320252402, -13.5)"
