Strong Leader,Weak Leader
"(25.456872624133304, -41.20094433204346)","[-662.7849770970802, -724.6005372804274]"
"[-662.7849770970802, -724.6005372804274]","(25.223234320252402, -13.5)"
