Strong Leader,Weak Leader
"(25.456872624133304, -41.20094433204346)","[-356.176087939419, -715.1430990568505]"
"[-356.176087939419, -715.1430990568505]","(25.456872624133304, -41.20094433204346)"
