Strong Leader,Weak Leader
"(14.860659765625, -26.140062890625)",[ -283.15540495 -1444.77738003]
[ -361.09098859 -1444.76678904],"(14.710069396972656, -13.5)"
