Strong Leader,Weak Leader
"(14.860659765625, -26.140062890625)","[-94.81640625000001, -132.09921875]"
"[-94.81640625000001, -132.09921875]","(14.710069396972656, -13.5)"
