,Strong Leader Policy,Weak Leader Policy
Strong Follower Policy,"(14.860659765625, -26.140062890625)",[  7.65618967 -13.25034681]
Blind Follower Policy,[  7.63607788 -13.25529349],"(14.710069396972656, -13.5)"
