Strong Leader,Weak Leader
"(25.456872624133304, -41.20094433204346)","[-596.0339281250001, -751.9540843750001]"
"[-596.0339281250001, -751.9540843750001]","(25.223234320252402, -13.5)"
