Strong Leader,Weak Leader
"(21.270414724609378, -29.996459396484376)","[-250.211368359375, -314.56063007812503]"
"[-250.211368359375, -314.56063007812503]","(21.057306544439317, -13.5)"
