Strong Leader,Weak Leader
"(14.860659765625, -26.140062890625)","[-54.87491914062501, -129.096344921875]"
"[-54.87491914062501, -129.096344921875]","(14.860659765625, -26.140062890625)"
