Strong Leader,Weak Leader
"(-29.984521531549614, -14.412367811672247)",[-29.91549684 -14.77600408]
[-29.92190803 -15.25983618],"(-29.982639204003885, -1.407407407406)"
