,Strong Leader Policy,Weak Leader Policy
Strong Follower Policy,"(-6.846153846153846, -13.846153846153847)",[ -6.84615385 -13.84615385]
Blind Follower Policy,[-13.07692308 -13.84615385],"(-13.076923076923077, -6.9230769230769225)"
