Strong Leader,Weak Leader
"(-7.76923076923077, -34.61538461538461)","[-109.23076923076921, -214.61538461538464]"
"[-109.23076923076921, -214.61538461538464]","(-7.76923076923077, -34.61538461538461)"
