Strong Leader,Weak Leader
"(-17.076923076923073, -103.84615384615381)",[ -17.07692308 -103.84615385]
[ -98.07692308 -103.84615385],"(-98.0769230769231, -6.9230769230769225)"
