Strong Leader,Weak Leader
"(-7.153846153846153, -20.76923076923077)","[-27.076923076923073, -48.46153846153847]"
"[-27.076923076923073, -48.46153846153847]","(-7.153846153846153, -20.76923076923077)"
