Strong Leader,Weak Leader
"(-6.846153846153846, -13.846153846153847)","[-13.384615384615383, -20.76923076923077]"
"[-13.384615384615383, -20.76923076923077]","(-6.846153846153846, -13.846153846153847)"
