,Strong Leader Policy,Weak Leader Policy
Strong Follower Policy,"(-7.153846153846153, -20.76923076923077)",[ -7.15384615 -20.76923077]
Blind Follower Policy,[ -7.15384615 -20.76923077],"(-7.153846153846153, -20.76923076923077)"
