,Strong Leader Policy,Weak Leader Policy
Strong Follower Policy,"(-7.461538461538462, -27.692307692307693)",[ -7.46153846 -27.69230769]
Blind Follower Policy,[ -7.46153846 -27.69230769],"(-7.461538461538462, -27.692307692307693)"
