Strong Leader,Weak Leader
"(14.367098705557144, 3.2658004562540857)","[4284.735982274388, 1147.3648787060752]"
"[4284.735982274388, 1147.3648787060752]","(14.367098705557144, 3.2658004562540857)"
