,Strong Leader Policy,Weak Leader Policy
Strong Follower Policy,"(9.383530623828248, 22.46845536399186)",[ 7.76016892 10.73026572]
Blind Follower Policy,[ 7.76016892 10.73026572],"(9.383530623828248, 22.46845536399186)"
