,Strong Leader Policy,Weak Leader Policy
Strong Follower Policy,"(7.888053081194068, 18.210547992708662)",[6.29221421 8.57453199]
Blind Follower Policy,[6.29221421 8.57453199],"(7.888053081194068, 18.210547992708662)"
