,Strong Leader Policy,Weak Leader Policy
Strong Follower Policy,"(5.294313108459792, 5.809906538191345)",[4.4389665  2.44129052]
Blind Follower Policy,[4.4389665  2.44129052],"(5.294313108459792, 5.809906538191345)"
