,Strong Leader Policy,Weak Leader Policy
Strong Follower Policy,"(2.8544808949194285, 2.367765815055797)",[2.44818853 1.19422221]
Blind Follower Policy,[2.44818853 1.19422221],"(2.8544808949194285, 2.367765815055797)"
