Strong Leader,Weak Leader
"(-5.0, 167.75)","[-341.00000000000006, 12309.0]"
"[-341.00000000000006, 12309.0]","(-5.0, 167.75)"
