,Strong Leader Policy,Weak Leader Policy
Strong Follower Policy,"(-3.955392672419739, 137.72679937347786)",[-14.99668288  67.71452567]
Blind Follower Policy,[-14.99668288  67.71452567],"(-3.955392672419739, 137.72679937347786)"
