,State of the Art,State of the Art,State of the Art,State of the Art,Stackelberg,Stackelberg,Stackelberg,Stackelberg
,time,leader value,iteration,number_of_beliefs,time,leader value,iteration,number_of_beliefs
relay4(1),0.0002110004425048828,-1.0,3,21,0.02759385108947754,-1.0,3,21
relay4(2),0.0024230480194091797,-2.0,3,25,0.09515523910522461,-2.0,3,25
relay4(3),0.011516094207763672,-3.0,3,20,0.6130588054656982,-3.0,3,20
relay4(4),0.0290830135345459,-3.968,3,20,0.6803081035614014,-3.968,3,20
