,State of the Art,State of the Art,State of the Art,PBVI,PBVI,PBVI
,time,leader value,iteration,time,leader value,iteration
2generals(0),0.003701925277709961,-1.0,1,0.030936717987060547,-1.0,1
2generals(1),0.009308099746704102,0.06625000000000014,1,0.06963777542114258,0.06625000000000014,1
