,State of the Art,State of the Art,State of the Art,PBVI,PBVI,PBVI
,time,leader value,iteration,time,leader value,iteration
dectiger(0),0.004715919494628906,9.0,2,0.01788783073425293,9.0,2
dectiger(1),0.012104988098144531,18.0,2,0.0624239444732666,18.0,2
dectiger(2),0.024602174758911133,27.0,2,0.14320898056030273,27.0,2
