,State of the Art,State of the Art,State of the Art,PBVI,PBVI,PBVI
,time,leader value,iteration,time,leader value,iteration
relay4(0),0.001569986343383789,-1.0,3,0.022161006927490234,-1.0,3
relay4(1),0.010428905487060547,-2.0,3,0.12247395515441895,-2.0,3
relay4(2),0.08602690696716309,-3.0,3,0.7121071815490723,-3.0,3
relay4(3),0.6607048511505127,-4.0,3,2.674746036529541,-4.0,3
relay4(4),15.14471983909607,-5.0,3,24.78965401649475,-5.0,3
