,State of the Art,State of the Art,State of the Art,Stackelberg,Stackelberg,Stackelberg
,time,leader value,iteration,time,leader value,iteration
dectiger(1),0.00021386146545410156,9.0,2,0.040451765060424805,9.0,2
dectiger(2),0.003225088119506836,18.0,2,0.08679914474487305,18.0,2
dectiger(3),0.012161970138549805,27.0,2,0.16629290580749512,27.0,2
dectiger(4),0.018397808074951172,36.0,2,0.21587109565734863,36.0,2
dectiger(5),0.019958019256591797,45.0,2,0.30808591842651367,45.0,2
