,State of the Art,State of the Art,State of the Art,Stackelberg,Stackelberg,Stackelberg
,time,leader value,iteration,time,leader value,iteration
dectiger(1),0.0026488304138183594,9.0,3,0.023786067962646484,9.0,3
dectiger(2),0.011199951171875,18.0,3,0.09683895111083984,18.0,3
dectiger(3),0.026819944381713867,27.0,3,0.21421170234680176,27.0,3
dectiger(4),0.04227614402770996,36.0,3,0.40749216079711914,36.0,3
dectiger(5),0.0840921401977539,45.0,3,0.7483277320861816,45.0,3
