,State of the Art,State of the Art,State of the Art,Stackelberg,Stackelberg,Stackelberg
,time,leader value,iteration,time,leader value,iteration
dectiger(1),0.00012612342834472656,9.0,2,0.023681163787841797,9.0,2
dectiger(2),0.002505779266357422,18.0,2,0.11604809761047363,18.0,2
dectiger(3),0.006743192672729492,27.0,2,0.14753508567810059,27.0,2
dectiger(4),0.01579904556274414,36.0,2,0.2543330192565918,36.0,2
dectiger(5),0.021503210067749023,45.0,2,0.367002010345459,45.0,2
