,State of the Art,State of the Art,State of the Art,State of the Art,Stackelberg,Stackelberg,Stackelberg,Stackelberg
,time,leader value,iteration,number_of_beliefs,time,leader value,iteration,number_of_beliefs
dectiger(1),0.00027680397033691406,9.0,2,4,0.03470420837402344,9.0,2,4
dectiger(2),0.001744985580444336,18.0,2,4,0.10887789726257324,18.0,2,4
dectiger(3),0.00627589225769043,27.0,2,4,0.1930708885192871,27.0,2,4
dectiger(4),0.010667085647583008,36.0,2,4,0.30164408683776855,36.0,2,4
