,State of the Art,State of the Art,State of the Art,Stackelberg,Stackelberg,Stackelberg
,time,leader value,iteration,time,leader value,iteration
relay4(1),0.0002269744873046875,-1.0,2,0.06970906257629395,-1.0,2
relay4(2),0.0030829906463623047,-2.0,2,0.11532330513000488,-2.0,2
relay4(3),0.01295781135559082,-3.0,2,0.3277449607849121,-3.0,2
