,State of the Art,State of the Art,State of the Art,PBVI,PBVI,PBVI
,time,leader value,iteration,time,leader value,iteration
prisoners(0),0.0007550716400146484,0.0,3,0.01723504066467285,0.0,3
prisoners(1),0.001374959945678711,0.0,3,0.04742789268493652,0.0,3
prisoners(2),0.0020759105682373047,0.0,3,0.0798490047454834,0.0,3
