,State of the Art,State of the Art,State of the Art,Stackelberg,Stackelberg,Stackelberg
,time,leader value,iteration,time,leader value,iteration
broadcastChannel(1),0.0011301040649414062,1.0000000000000002,3,0.013885021209716797,1.0000000000000002,3
broadcastChannel(2),0.007093906402587891,1.9999999999999998,3,0.07756900787353516,1.9999999999999996,3
broadcastChannel(3),0.024127960205078125,3.0,3,0.3125038146972656,3.0,3
broadcastChannel(4),0.06366682052612305,4.000000000000001,3,0.5141339302062988,4.000000000000001,3
broadcastChannel(5),0.13129591941833496,5.000000000000002,3,0.9960730075836182,5.000000000000002,3
