,State of the Art,State of the Art,State of the Art,PBVI,PBVI,PBVI
,time,leader value,iteration,time,leader value,iteration
prisoners(0),0.00017309188842773438,0.0,3,0.010776042938232422,0.0,3
prisoners(1),0.0004611015319824219,0.0,3,0.03637886047363281,0.0,3
prisoners(2),0.0007789134979248047,0.0,3,0.06187009811401367,0.0,3
prisoners(3),0.001096963882446289,0.0,3,0.10558581352233887,0.0,3
prisoners(4),0.0012669563293457031,0.0,3,0.10441708564758301,0.0,3
