,State of the Art,State of the Art,State of the Art,Stackelberg,Stackelberg,Stackelberg
,time,leader value,iteration,time,leader value,iteration
GridSmall(1),0.0012187957763671875,0.37,2,0.052208900451660156,0.37,2
GridSmall(2),0.0843207836151123,0.49,2,1.2667951583862305,0.49,2
GridSmall(3),2.654071092605591,0.74,2,13.521352767944336,0.74,2
