,State of the Art,State of the Art,State of the Art,State of the Art,Stackelberg,Stackelberg,Stackelberg,Stackelberg
,time,leader value,iteration,number_of_beliefs,time,leader value,iteration,number_of_beliefs
dectiger(1),0.00017499923706054688,9.0,3,4,0.026838064193725586,9.0,3,4
dectiger(2),0.0010838508605957031,18.0,3,5,0.08425307273864746,18.0,3,5
dectiger(3),0.0042781829833984375,27.0,3,5,0.15973615646362305,27.0,3,5
dectiger(4),0.0072290897369384766,36.0,3,5,0.26357102394104004,36.0,3,5
dectiger(5),0.010051965713500977,45.0,3,6,0.316195011138916,45.0,3,6
