,State of the Art,State of the Art,State of the Art,PBVI,PBVI,PBVI
,time,leader value,iteration,time,leader value,iteration
relay4(0),0.007748126983642578,-1.0,3,0.03272700309753418,-1.0,3
relay4(1),0.06826591491699219,-2.0,3,0.1844310760498047,-2.0,3
relay4(2),0.6365888118743896,-3.0,3,1.1921861171722412,-3.0,3
