,State of the Art,State of the Art,State of the Art,State of the Art,Stackelberg,Stackelberg,Stackelberg,Stackelberg
,time,leader value,iteration,number_of_beliefs,time,leader value,iteration,number_of_beliefs
dectiger(1),0.0001709461212158203,9.0,3,4,0.028212308883666992,9.0,3,4
dectiger(2),0.0011777877807617188,18.0,3,5,0.08562707901000977,18.0,3,5
dectiger(3),0.004175901412963867,27.0,3,5,0.16090607643127441,27.0,3,5
dectiger(4),0.007324934005737305,36.0,3,4,0.26479506492614746,36.0,3,4
dectiger(5),0.010117292404174805,45.0,3,5,0.3137481212615967,45.0,3,5
