,State of the Art,State of the Art,State of the Art,Stackelberg,Stackelberg,Stackelberg
,time,leader value,iteration,time,leader value,iteration
dectiger(1),0.0001239776611328125,9.0,3,0.012766122817993164,9.0,3
dectiger(2),0.0017800331115722656,18.0,3,0.052001237869262695,18.0,3
dectiger(3),0.005725860595703125,27.0,3,0.09485483169555664,27.0,3
dectiger(4),0.009192943572998047,36.0,3,0.1422719955444336,36.0,3
