,State of the Art,State of the Art,State of the Art,State of the Art,Stackelberg,Stackelberg,Stackelberg,Stackelberg
,time,leader value,iteration,number_of_beliefs,time,leader value,iteration,number_of_beliefs
dectiger(1),0.00026679039001464844,9.0,4,3,0.027825117111206055,9.0,4,3
dectiger(2),0.0009520053863525391,18.0,4,3,0.14417290687561035,18.0,4,3
dectiger(3),0.002958059310913086,27.0,4,3,0.15369105339050293,27.0,4,3
dectiger(4),0.0048487186431884766,36.0,4,3,0.16139912605285645,36.0,4,3
dectiger(5),0.007166147232055664,45.0,4,3,0.22085905075073242,45.0,4,3
