,State of the Art,State of the Art,State of the Art,Stackelberg,Stackelberg,Stackelberg
,time,leader value,iteration,time,leader value,iteration
relay4(1),0.0026776790618896484,-1.0,3,0.027159690856933594,-1.0,3
relay4(2),0.017882108688354492,-2.0,3,0.15958809852600098,-2.0,3
relay4(3),0.15110492706298828,-3.0,3,0.7861690521240234,-3.0,3
relay4(4),1.0556252002716064,-4.0,3,3.5628600120544434,-4.0,3
relay4(5),25.311745166778564,-5.0,3,39.07405972480774,-5.0,3
