,State of the Art,State of the Art,State of the Art,Stackelberg,Stackelberg,Stackelberg
,time,leader value,iteration,time,leader value,iteration
relay4(1),0.00031685829162597656,-1.0,5,0.040151119232177734,-1.0,5
relay4(2),0.004575014114379883,-2.0,5,0.20571303367614746,-2.0,5
relay4(3),0.026707887649536133,-3.0,5,0.4907538890838623,-3.0,5
relay4(4),0.0760800838470459,-4.0,5,1.2509791851043701,-4.0,5
relay4(5),0.13423418998718262,-5.0,5,1.8693249225616455,-5.0,5
relay4(6),0.23769402503967285,-6.0,5,2.7430551052093506,-6.0,5
