,State of the Art,State of the Art,State of the Art,State of the Art,Stackelberg,Stackelberg,Stackelberg,Stackelberg
,time,leader value,iteration,number_of_beliefs,time,leader value,iteration,number_of_beliefs
dectiger(1),0.013796329498291016,30.0,2,4,0.01529693603515625,30.0,2,4
dectiger(2),0.06649017333984375,60.0,2,5,0.0732719898223877,60.0,2,5
dectiger(3),0.1379697322845459,90.0,2,5,0.14357590675354004,90.0,2,5
dectiger(4),0.21933317184448242,120.0,2,5,0.30877065658569336,120.0,2,5
