,State of the Art,State of the Art,State of the Art,State of the Art,Stackelberg,Stackelberg,Stackelberg,Stackelberg
,time,leader value,iteration,number_of_beliefs,time,leader value,iteration,number_of_beliefs
dectiger(1),0.013084888458251953,30.0,3,4,0.012237071990966797,30.0,3,4
dectiger(2),0.07367587089538574,60.0,3,5,0.07483983039855957,60.0,3,5
dectiger(3),0.1609048843383789,90.0,3,5,0.14043211936950684,90.0,3,5
dectiger(4),0.22193503379821777,120.0,3,5,0.20946693420410156,120.0,3,5
dectiger(5),0.28194284439086914,150.0,3,6,0.29969286918640137,150.0,3,6
