,State of the Art,State of the Art,State of the Art,State of the Art,Stackelberg,Stackelberg,Stackelberg,Stackelberg
,time,leader value,iteration,number_of_beliefs,time,leader value,iteration,number_of_beliefs
relay4(1),0.02101588249206543,-1.0,3,22,0.019085168838500977,-1.0,3,22
relay4(2),0.10658621788024902,-2.0,3,22,0.2556271553039551,-2.0,3,22
relay4(3),0.41853880882263184,-3.0,3,20,0.3396332263946533,-3.0,3,20
relay4(4),0.6963901519775391,-4.0,3,23,0.7570230960845947,-4.0,3,23
