,State of the Art,State of the Art,State of the Art,State of the Art,Stackelberg,Stackelberg,Stackelberg,Stackelberg
,time,leader value,iteration,number_of_beliefs,time,leader value,iteration,number_of_beliefs
dectiger(1),0.012828826904296875,30.0,3,4,0.012841939926147461,30.0,3,4
dectiger(2),0.06690788269042969,60.0,3,5,0.06604194641113281,60.0,3,5
dectiger(3),0.13872218132019043,90.0,3,5,0.13997507095336914,90.0,3,5
dectiger(4),0.21606898307800293,120.0,3,4,0.21197223663330078,120.0,3,4
dectiger(5),0.3045389652252197,150.0,3,5,0.2911567687988281,150.0,3,5
