,State of the Art,State of the Art,State of the Art,State of the Art,Stackelberg,Stackelberg,Stackelberg,Stackelberg
,time,leader value,iteration,number_of_beliefs,time,leader value,iteration,number_of_beliefs
dectiger(1),0.01963496208190918,30.0,2,4,0.011551856994628906,30.0,2,4
dectiger(2),0.07398295402526855,60.0,2,5,0.08064627647399902,60.0,2,5
dectiger(3),0.14129400253295898,90.0,2,6,0.3150949478149414,90.0,2,6
dectiger(4),0.22189688682556152,120.0,2,4,0.23453593254089355,120.0,2,4
