,State of the Art,State of the Art,State of the Art,PBVI,PBVI,PBVI
,time,leader value,iteration,time,leader value,iteration
prisoners(0),0.03220486640930176,-6.538461538461538,3,0.02484726905822754,-6.538461538461538,3
prisoners(1),0.06879878044128418,-6.846153846153846,3,0.06861090660095215,-6.846153846153846,3
prisoners(2),0.09592795372009277,-7.153846153846153,3,0.12704896926879883,-7.153846153846153,3
