,State of the Art,State of the Art,State of the Art,Stackelberg,Stackelberg,Stackelberg
,time,leader value,iteration,time,leader value,iteration
dectiger(1),0.023493051528930664,3.5,3,0.023006916046142578,3.5,3
dectiger(2),0.10460305213928223,10.486484375,3,0.09639096260070801,10.486484375,3
dectiger(3),0.2434978485107422,14.860659765625,3,0.2288680076599121,14.860659765625,3
dectiger(4),0.4957423210144043,21.270414724609378,3,0.40694093704223633,21.270414724609378,3
dectiger(5),0.6564052104949951,25.456872624133304,3,0.6660127639770508,25.456872624133304,3
