,State of the Art,State of the Art,State of the Art,Stackelberg,Stackelberg,Stackelberg
,time,leader value,iteration,time,leader value,iteration
relay4(1),0.026736974716186523,-1.0,5,0.0352330207824707,-1.0,5
relay4(2),0.13143301010131836,-2.0,5,0.14868402481079102,-2.0,5
relay4(3),0.5770249366760254,-3.0,5,0.4918479919433594,-3.0,5
relay4(4),1.162081003189087,-4.0,5,1.133551836013794,-4.0,5
relay4(5),2.1702208518981934,-5.0,5,1.913633108139038,-5.0,5
relay4(6),3.9845640659332275,-6.0,5,4.714127063751221,-6.0,5
