,State of the Art,State of the Art,State of the Art,Stackelberg,Stackelberg,Stackelberg
,time,leader value,iteration,time,leader value,iteration
relay4(1),0.018815994262695312,-1.0,2,0.01657271385192871,-1.0,2
relay4(2),0.10172891616821289,-2.0,2,0.1141519546508789,-2.0,2
relay4(3),0.3859550952911377,-3.0,2,0.41693711280822754,-3.0,2
