,State of the Art,State of the Art,State of the Art,PBVI,PBVI,PBVI
,time,leader value,iteration,time,leader value,iteration
dectiger(0),0.02442002296447754,3.5,1,0.02737903594970703,3.5,1
dectiger(1),0.09729290008544922,10.486484375,1,0.0993800163269043,10.486484375,1
