,State of the Art,State of the Art,State of the Art,PBVI,PBVI,PBVI
,time,leader value,iteration,time,leader value,iteration
relay4(0),0.0304410457611084,-1.0,3,0.03181314468383789,-1.0,3
relay4(1),0.17604303359985352,-2.0,3,0.2182457447052002,-2.0,3
relay4(2),1.0876221656799316,-3.0,3,1.1148951053619385,-3.0,3
