,State of the Art,State of the Art,State of the Art,Stackelberg,Stackelberg,Stackelberg
,time,leader value,iteration,time,leader value,iteration
GridSmall(1),0.045358896255493164,0.37,2,0.037416934967041016,0.37,2
GridSmall(2),1.8043711185455322,0.49,2,1.6447482109069824,0.49,2
GridSmall(3),22.17387890815735,0.74,2,21.79845094680786,0.74,2
