,State of the Art,State of the Art,State of the Art,Stackelberg,Stackelberg,Stackelberg
,time,leader value,iteration,time,leader value,iteration
dectiger(1),0.06150078773498535,3.5,2,0.020633220672607422,3.5,2
dectiger(2),0.13541769981384277,10.486484375,2,0.17316412925720215,10.486484375,2
dectiger(3),0.19117999076843262,14.710069396972656,2,0.16736721992492676,14.860659765625,2
dectiger(4),0.2419602870941162,21.057306544439317,2,0.27057409286499023,21.270414724609378,2
dectiger(5),0.343189001083374,25.227925134045492,2,0.3311343193054199,25.456872624133304,2
