,State of the Art,State of the Art,State of the Art,PBVI,PBVI,PBVI
,time,leader value,iteration,time,leader value,iteration
prisoners(0),0.016275882720947266,-6.538461538461538,3,0.015601873397827148,-6.538461538461538,3
prisoners(1),0.05251908302307129,-6.846153846153846,3,0.08549284934997559,-6.846153846153846,3
prisoners(2),0.09135103225708008,-7.153846153846153,3,0.08451509475708008,-7.153846153846153,3
prisoners(3),0.10208797454833984,-7.461538461538462,3,0.10865592956542969,-7.461538461538462,3
prisoners(4),0.13195514678955078,-7.76923076923077,3,0.1564929485321045,-7.76923076923077,3
