,State of the Art,State of the Art,State of the Art,Stackelberg,Stackelberg,Stackelberg
,time,leader value,iteration,time,leader value,iteration
relay4(1),0.047781944274902344,-1.0,3,0.03435397148132324,-1.0,3
relay4(2),0.24524712562561035,-2.0,3,0.2976069450378418,-2.0,3
relay4(3),0.9153070449829102,-3.0,3,1.043595790863037,-3.0,3
relay4(4),4.740964889526367,-4.0,3,5.0982747077941895,-4.0,3
relay4(5),48.74050807952881,-5.0,3,46.05978178977966,-5.0,3
