,State of the Art,State of the Art,State of the Art,PBVI,PBVI,PBVI
,time,leader value,iteration,time,leader value,iteration
relay4(0),0.026487112045288086,-1.0,3,0.022940874099731445,-1.0,3
relay4(1),0.17542719841003418,-2.0,3,0.13818907737731934,-2.0,3
relay4(2),0.7006809711456299,-3.0,3,0.6983859539031982,-3.0,3
relay4(3),3.1476070880889893,-4.0,3,3.214325189590454,-4.0,3
relay4(4),27.63767719268799,-5.0,3,26.86564302444458,-5.0,3
