,State of the Art,State of the Art,State of the Art,PBVI,PBVI,PBVI
,time,leader value,iteration,time,leader value,iteration
dectiger(0),0.01667618751525879,3.5,2,0.016293764114379883,3.5,2
dectiger(1),0.06122016906738281,10.486484375,2,0.06685495376586914,10.486484375,2
dectiger(2),0.14107704162597656,14.860659765625,2,0.14368891716003418,14.860659765625,2
