,State of the Art,State of the Art,State of the Art,Stackelberg,Stackelberg,Stackelberg
,time,leader value,iteration,time,leader value,iteration
dectiger(1),0.015179157257080078,3.5,2,0.013704061508178711,3.5,2
dectiger(2),0.06681585311889648,10.486484375,2,0.06516790390014648,10.486484375,2
dectiger(3),0.16905522346496582,14.710069396972656,2,0.1549818515777588,14.860659765625,2
dectiger(4),0.3232910633087158,21.05480025515366,2,0.2901148796081543,21.270414724609378,2
dectiger(5),0.35125207901000977,25.223234320252402,2,0.3601810932159424,25.456872624133304,2
