,State of the Art,State of the Art,State of the Art,Stackelberg,Stackelberg,Stackelberg
,time,leader value,iteration,time,leader value,iteration
broadcastChannel(1),0.0165860652923584,1.0000000000000002,3,0.015170097351074219,1.0000000000000002,3
broadcastChannel(2),0.08687472343444824,1.0000000000000004,3,0.09096884727478027,1.0000000000000004,3
broadcastChannel(3),0.26239800453186035,2.0,3,0.3144111633300781,2.0,3
broadcastChannel(4),0.5682587623596191,3.0000000000000018,3,0.5529499053955078,3.0000000000000018,3
broadcastChannel(5),1.0677950382232666,4.000000000000002,3,1.0339610576629639,4.000000000000002,3
