,State of the Art,State of the Art,State of the Art,PBVI,PBVI,PBVI
,time,leader value,iteration,time,leader value,iteration
dectiger(0),0.016376972198486328,3.5,1,0.01642894744873047,3.5,1
dectiger(1),0.06208515167236328,10.486484375,1,0.06490492820739746,10.486484375,1
