,State of the Art,State of the Art,State of the Art,PBVI,PBVI,PBVI
,time,leader value,iteration,time,leader value,iteration
2generals(0),0.019934892654418945,-5.5,1,0.02035999298095703,-5.5,1
2generals(1),0.08384180068969727,-11.08804347826087,1,0.10021090507507324,-11.08804347826087,1
