,State of the Art,State of the Art,State of the Art,Stackelberg,Stackelberg,Stackelberg
,time,leader value,iteration,time,leader value,iteration
dectiger(1),0.011679887771606445,3.5,3,0.011281967163085938,3.5,3
dectiger(2),0.05433011054992676,10.486484375,3,0.05291295051574707,10.486484375,3
dectiger(3),0.09954380989074707,14.710069396972656,3,0.10744810104370117,14.860659765625,3
dectiger(4),0.1379239559173584,21.057306544439317,3,0.15764975547790527,21.270414724609378,3
