,State of the Art,State of the Art,State of the Art,PBVI,PBVI,PBVI
,time,leader value,iteration,time,leader value,iteration
recycling(0),0.09975600242614746,2.6666666666666665,3,0.09608078002929688,2.6666666666666665,3
recycling(1),0.4795341491699219,6.999999214291314,3,0.5596780776977539,6.999999214291314,3
