,State of the Art,State of the Art,State of the Art,PBVI,PBVI,PBVI
,time,leader value,iteration,time,leader value,iteration
prisoners(0),0.016749143600463867,-6.538461538461538,2,0.016232967376708984,-6.538461538461538,2
prisoners(1),0.04999089241027832,-6.846153846153846,2,0.05292987823486328,-6.846153846153846,2
