,State of the Art,State of the Art,State of the Art,Stackelberg,Stackelberg,Stackelberg
,time,leader value,iteration,time,leader value,iteration
relay4(1),0.03766822814941406,-50.0,3,0.03201484680175781,-50.0,3
relay4(2),0.1740100383758545,-100.0,3,0.1597292423248291,-100.0,3
relay4(3),0.8504559993743896,-150.0,3,0.8670730590820312,-150.0,3
relay4(4),3.5887579917907715,-200.0,3,4.517222881317139,-200.0,3
relay4(5),37.80519485473633,-250.0,3,44.248817920684814,-250.0,3
