,State of the Art,State of the Art,State of the Art,Stackelberg,Stackelberg,Stackelberg
,time,leader value,iteration,time,leader value,iteration
dectiger(1),0.033490896224975586,-75.0,2,0.03167104721069336,-75.0,2
dectiger(2),0.125471830368042,-150.0,2,0.11105680465698242,-150.0,2
dectiger(3),0.29264187812805176,-225.0,2,0.22638368606567383,-225.0,2
dectiger(4),0.31568193435668945,-300.0,2,0.3202078342437744,-300.0,2
dectiger(5),0.39652299880981445,-375.0,2,0.40718698501586914,-375.0,2
