,State of the Art,State of the Art,State of the Art,Stackelberg,Stackelberg,Stackelberg
,time,leader value,iteration,time,leader value,iteration
dectiger(1),0.029758930206298828,-75.0,3,0.025374889373779297,-75.0,3
dectiger(2),0.11953592300415039,-150.0,3,0.11735200881958008,-150.0,3
dectiger(3),0.3093729019165039,-225.0,3,0.275134801864624,-225.0,3
dectiger(4),0.5036742687225342,-300.0,3,0.5176849365234375,-300.0,3
dectiger(5),0.7704150676727295,-375.0,3,0.7706401348114014,-375.0,3
