,State of the Art,State of the Art,State of the Art,Stackelberg,Stackelberg,Stackelberg
,time,leader value,iteration,time,leader value,iteration
relay4(1),0.02903008460998535,-50.0,5,0.02193617820739746,-50.0,5
relay4(2),0.1375598907470703,-100.0,5,0.14284801483154297,-100.0,5
relay4(3),0.5478472709655762,-150.0,5,0.5157091617584229,-150.0,5
relay4(4),0.9458081722259521,-200.0,5,1.0227410793304443,-200.0,5
relay4(5),1.6670379638671875,-250.0,5,1.889495849609375,-250.0,5
relay4(6),2.430609941482544,-300.0,5,2.7237331867218018,-300.0,5
