,State of the Art,State of the Art,State of the Art,State of the Art,Stackelberg,Stackelberg,Stackelberg,Stackelberg
,time,leader value,iteration,number_of_beliefs,time,leader value,iteration,number_of_beliefs
dectiger(1),0.026223182678222656,-75.0,3,4,0.01971721649169922,-75.0,3,4
dectiger(2),0.10778188705444336,-150.0,3,5,0.1300508975982666,-150.0,3,5
dectiger(3),0.19388294219970703,-225.0,3,5,0.20405220985412598,-225.0,3,5
dectiger(4),0.2783820629119873,-300.0,3,4,0.2835662364959717,-300.0,3,4
dectiger(5),0.3801310062408447,-375.0,3,5,0.4232668876647949,-375.0,3,5
