,State of the Art,State of the Art,State of the Art,PBVI,PBVI,PBVI
,time,leader value,iteration,time,leader value,iteration
prisoners(0),0.027337074279785156,-5.0,3,0.016401290893554688,-5.0,3
prisoners(1),0.08191180229187012,-10.0,3,0.08265805244445801,-10.0,3
prisoners(2),0.1619410514831543,-15.0,3,0.08332085609436035,-15.0,3
