,State of the Art,State of the Art,State of the Art,State of the Art,Stackelberg,Stackelberg,Stackelberg,Stackelberg
,time,leader value,iteration,number_of_beliefs,time,leader value,iteration,number_of_beliefs
dectiger(1),0.01978898048400879,-75.0,3,4,0.020816802978515625,-75.0,3,4
dectiger(2),0.10257601737976074,-150.0,3,5,0.09819293022155762,-150.0,3,5
dectiger(3),0.262650728225708,-225.0,3,5,0.1860642433166504,-225.0,3,5
dectiger(4),0.29381394386291504,-300.0,3,5,0.2904629707336426,-300.0,3,5
dectiger(5),0.3663909435272217,-375.0,3,6,0.3799619674682617,-375.0,3,6
