,State of the Art,State of the Art,State of the Art,Stackelberg,Stackelberg,Stackelberg
,time,leader value,iteration,time,leader value,iteration
dectiger(1),0.017060041427612305,-75.0,3,0.021755218505859375,-75.0,3
dectiger(2),0.0623021125793457,-150.0,3,0.06820821762084961,-150.0,3
dectiger(3),0.11353015899658203,-225.0,3,0.13207674026489258,-225.0,3
dectiger(4),0.16485309600830078,-300.0,3,0.19092726707458496,-300.0,3
