,State of the Art,State of the Art,State of the Art,State of the Art,Stackelberg,Stackelberg,Stackelberg,Stackelberg
,time,leader value,iteration,number_of_beliefs,time,leader value,iteration,number_of_beliefs
dectiger(1),0.02850198745727539,-75.0,2,4,0.030279874801635742,-75.0,2,4
dectiger(2),0.14508390426635742,-150.0,2,4,0.13433408737182617,-150.0,2,4
dectiger(3),0.24795866012573242,-225.0,2,4,0.27390003204345703,-225.0,2,4
dectiger(4),0.3738439083099365,-300.0,2,4,0.39289236068725586,-300.0,2,4
