,State of the Art,State of the Art,State of the Art,PBVI,PBVI,PBVI
,time,leader value,iteration,time,leader value,iteration
prisoners(0),0.018558025360107422,-5.0,3,0.011427164077758789,-5.0,3
prisoners(1),0.06174325942993164,-10.0,3,0.037719011306762695,-10.0,3
prisoners(2),0.13161706924438477,-15.0,3,0.054511070251464844,-15.0,3
prisoners(3),0.1506040096282959,-20.0,3,0.07965493202209473,-20.0,3
prisoners(4),0.18732976913452148,-25.0,3,0.10014009475708008,-25.0,3
