,State of the Art,State of the Art,State of the Art,PBVI,PBVI,PBVI
,time,leader value,iteration,time,leader value,iteration
relay4(0),0.0260159969329834,-50.0,3,0.02109074592590332,-50.0,3
relay4(1),0.14202499389648438,-100.0,3,0.11708784103393555,-100.0,3
relay4(2),0.5483908653259277,-150.0,3,0.5729360580444336,-150.0,3
relay4(3),2.4939181804656982,-200.0,3,2.679121971130371,-200.0,3
relay4(4),24.88046407699585,-250.0,3,24.705238103866577,-250.0,3
