,State of the Art,State of the Art,State of the Art,PBVI,PBVI,PBVI
,time,leader value,iteration,time,leader value,iteration
dectiger(0),0.02030014991760254,-75.0,2,0.023537874221801758,-75.0,2
dectiger(1),0.07214903831481934,-150.0,2,0.0757899284362793,-150.0,2
dectiger(2),0.1594376564025879,-225.0,2,0.17474675178527832,-225.0,2
