,State of the Art,State of the Art,State of the Art,PBVI,PBVI,PBVI
,time,leader value,iteration,time,leader value,iteration
relay4(0),0.053275108337402344,-50.0,3,0.02838301658630371,-50.0,3
relay4(1),0.18566513061523438,-100.0,3,0.18086886405944824,-100.0,3
relay4(2),1.108114242553711,-150.0,3,1.0751450061798096,-150.0,3
