,State of the Art,State of the Art,State of the Art,Stackelberg,Stackelberg,Stackelberg
,time,leader value,iteration,time,leader value,iteration
dectiger(1),0.023534059524536133,-75.0,2,0.017966032028198242,-75.0,2
dectiger(2),0.08466196060180664,-150.0,2,0.08201479911804199,-150.0,2
dectiger(3),0.19742202758789062,-225.0,2,0.21860289573669434,-225.0,2
dectiger(4),0.2946498394012451,-300.0,2,0.4541780948638916,-300.0,2
dectiger(5),0.4169783592224121,-375.0,2,0.45658302307128906,-375.0,2
