,State of the Art,State of the Art,State of the Art,Stackelberg,Stackelberg,Stackelberg
,time,leader value,iteration,time,leader value,iteration
broadcastChannel(1),0.030408859252929688,0.5,3,0.0195159912109375,0.5,3
broadcastChannel(2),0.10905599594116211,0.9999999999999999,3,0.09699511528015137,0.9999999999999999,3
broadcastChannel(3),0.3141598701477051,1.4999999999999998,3,0.25211024284362793,1.4999999999999998,3
broadcastChannel(4),0.6828880310058594,2.0,3,0.6709952354431152,1.9999999999999998,3
broadcastChannel(5),1.4244821071624756,2.5,3,1.1122801303863525,2.4999999999999996,3
