,State of the Art,State of the Art,State of the Art,State of the Art,Stackelberg,Stackelberg,Stackelberg,Stackelberg
,time,leader value,iteration,number_of_beliefs,time,leader value,iteration,number_of_beliefs
dectiger(1),0.02330327033996582,-75.0,4,3,0.028296232223510742,-75.0,4,3
dectiger(2),0.08382797241210938,-150.0,4,3,0.09793901443481445,-150.0,4,3
dectiger(3),0.15209197998046875,-225.0,4,3,0.2186141014099121,-225.0,4,3
dectiger(4),0.22144174575805664,-300.0,4,3,0.2202470302581787,-300.0,4,3
dectiger(5),0.2993130683898926,-375.0,4,3,0.28177690505981445,-375.0,4,3
