,State of the Art,State of the Art,State of the Art,Stackelberg,Stackelberg,Stackelberg
,time,leader value,iteration,time,leader value,iteration
relay4(1),0.021878957748413086,-50.0,2,0.020705223083496094,-50.0,2
relay4(2),0.1236410140991211,-100.0,2,0.10246086120605469,-100.0,2
relay4(3),0.3118269443511963,-150.0,2,0.3232119083404541,-150.0,2
