,State of the Art,State of the Art,State of the Art,PBVI,PBVI,PBVI
,time,leader value,iteration,time,leader value,iteration
2generals(0),0.024589061737060547,-9.0625,1,0.02051687240600586,-9.0625,1
2generals(1),0.09334683418273926,-18.133283428234833,1,0.07850289344787598,-18.133283428234833,1
