,cooperative,cooperative,zerosum,zerosum,generalsum,generalsum
,State of the Art Leader Value,Stackelberg Leader Value,State of the Art Leader Value,Stackelberg Leader Value,State of the Art Leader Value,Stackelberg Leader Value
0,1.0000000000000002,1.0000000000000002,0.5,0.5,2.0,2.0
1,2.0,2.0,0.7672634271099743,0.7672634271099745,3.7,3.7
2,2.9899999999999998,2.9899999999999998,0.9407072553969751,0.9407072553969753,5.5,5.5
3,3.890000000000001,3.890000000000001,1.0698099670802037,1.0698099670802037,7.300000000000001,7.300000000000001
4,4.790000000000002,4.790000000000002,1.1782076224358382,1.1782076224358384,9.100000000000001,9.100000000000001
